<?xml version="1.0"?>
<!DOCTYPE hibernate-mapping PUBLIC "-//Hibernate/Hibernate Mapping DTD 3.0//EN"
"http://www.hibernate.org/dtd/hibernate-mapping-3.0.dtd">
<!-- Generated Mar 31, 2018 9:11:46 AM by Hibernate Tools 4.3.1 -->
<hibernate-mapping>
    <class name="Classes.Fabricant" table="FABRICANT" catalog="LEGEND_OF_RETRO" optimistic-lock="version">
        <id name="idFabricant" type="java.lang.Integer">
            <column name="id_fabricant" />
            <generator class="identity" />
        </id>
        <property name="nomFabricant" type="string">
            <column name="nom_fabricant" length="50" not-null="true" />
        </property>
    </class>
</hibernate-mapping>
